الفئة,المقياس,القيمة,الملاحظات
المشروع,حجم المشروع,كبير جداً,الكود متشعب ومعقد
الشاشات,عدد الشاشات,34 شاشة,جميع الشاشات الأساسية موجودة
البيانات,قاعدة البيانات,Firebase Firestore,قاعدة بيانات NoSQL فعالة
المكتبات,عدد المكتبات,40+ مكتبة,موازنة جيدة بين المكتبات المستخدمة
السيرفر,نوع السيرفر,Node.js + Express,تطبيق فعال وموثوق
الأمان,مستوى الأمان,متوسط (يحتاج تحسين),هناك ثغرات أمنية حرجة
الأداء,مستوى الأداء,جيد (يحتاج تحسين),بطء في بعض الحالات خاصة Admin
الاختبار,وجود اختبارات,لا توجد,لا توجد Unit أو Integration Tests
Documentation,التوثيق,متوسط,توثيق جيد لبعض الأجزاء فقط
