الأولوية,النوع,التوصية,السبب,التأثير,المدة المتوقعة
فوري,الأمان,تفعيل HTTPS فوراً على السيرفر,حماية البيانات من الاعتراض,حرج جداً,يوم - يومين
فوري,الأمان,إخفاء جميع API Keys من الكود,منع سرقة المفاتيح والخدمات,حرج جداً,يوم واحد
فوري,الأمان,إضافة Input Validation على جميع endpoints,منع الهجمات مثل SQL Injection,حرج جداً,3-5 أيام
قصير المدى,الأداء,تطبيق Response Caching بـ Redis,تحسين الأداء وتقليل الضغط,مهم جداً,4-6 أيام
قصير المدى,الأمان,إضافة Rate Limiting,منع الهجمات والاستخدام المفرط,مهم,2-3 أيام
قصير المدى,الكود,تحسين معالجة الأخطاء,تجنب crashes غير المتوقعة,مهم,3-5 أيام
قصير المدى,الكود,إضافة Debug Logging,تسهيل تتبع الأخطاء والمشاكل,مهم,يوم واحد
قصير المدى,الصور,تطبيق Image Compression,تقليل حجم البيانات والتخزين,مهم,3-5 أيام
متوسط المدى,المراقبة,بناء نظام Error Tracking,رصد الأخطاء في الإنتاج,متوسط,5-7 أيام
متوسط المدى,التحسين,تطبيق Pagination على جميع الـ endpoints,تحسين الأداء,متوسط,أسبوع واحد
متوسط المدى,الاختبار,كتابة Unit Tests للـ Services,ضمان موثوقية الكود,متوسط,أسبوع تقريباً
متوسط المدى,الاختبار,كتابة Integration Tests,اختبار التكامل الكامل,متوسط,أسبوعين
متوسط المدى,الكود,Refactor الدوال الطويلة,تحسين قابلية الصيانة,متوسط,أسبوعين
طويل المدى,الميزات,بناء Offline Mode,تحسين تجربة المستخدم,منخفض - متوسط,أسبوعين
طويل المدى,الميزات,تطبيق Advanced Search,تحسين اكتشاف العقارات,منخفض - متوسط,أسبوع واحد
طويل المدى,الذكاء الاصطناعي,بناء نظام AI للتوصيات,تحسين تجربة المستخدم,منخفض حالياً,شهر تقريباً
طويل المدى,التسويق,إضافة Virtual Tour 360,زيادة الانخراط,منخفض حالياً,3 أسابيع
طويل المدى,الميزات,بناء Mortgage Calculator,إضافة قيمة للمستخدمين,منخفض حالياً,أسبوع واحد
