الفئة,البيان,التفاصيل
الملخ التنفيذي,حالة المشروع,تطبيق متقدم وظيفي لكن يحتاج تحسينات أمنية وأداء
الملخ التنفيذي,جاهزية الإطلاق,جاهز للإطلاق مع معالجة الثغرات الأمنية الفوري
الملخ التنفيذي,التقييم العام,7.5/10 - جيد مع مجالات للتحسين
,,,
النقاط الإيجابية,الميزات الكاملة,جميع الميزات الأساسية مطبقة بشكل احترافي
النقاط الإيجابية,البنية التحتية,استخدام Firebase قوي وموثوق
النقاط الإيجابية,التكامل,تكامل جيد مع خدمات خارجية
النقاط الإيجابية,التوثيق,توثيق جيد لبعض الأجزاء
,,,
نقاط الضعف,الأمان,ثغرات أمنية حرجة تحتاج معالجة فورية
نقاط الضعف,الأداء,بطء في بعض العمليات - خاصة جلب البيانات
نقاط الضعف,الاختبار,غياب الاختبارات التلقائية
نقاط الضعف,جودة الكود,بعض أجزاء الكود تحتاج refactoring
,,,
المخاطر,مخاطر أمنية عالية,بيانات مشفرة وأكواس مكشوفة
المخاطر,مخاطر أداء,قد يت بطء عند زيادة عدد المستخدمين
المخاطر,مخاطر الصيانة,صعوبة في الصيانة دون اختبارات
,,,
الخطوات الفورية,أولويتان,تفعيل HTTPS وإخفاء API Keys (يوم واحد)
الخطوات الفورية,أولوية ثانية,تطبيق Caching (3-5 أيام)
الخطوات الفورية,أولوية ثالثة,إضافة معالجة أخطاء (1-3 أيام)
,,,
الجدول الزمني قصيره,المدة,شهر واحد تقريباً
الجدول الزمني قصيره,الهدف,معالجة جميع الثغرات الحرجة
الجدول الزمني قصيره,النتيجة,تطبيق آمن وسريع جاهز للإنتاج
,,,
الجدول الزمني متوسط,المدة,ثلاثة أشهر
الجدول الزمني متوسط,الهدف,إضافة اختبارات وتحسين الكود
الجدول الزمني متوسط,النتيجة,تطبيق احترافي عالي الجودة
,,,
الجدول الزمني طويل,المدة,ستة أشهر
الجدول الزمني طويل,الهدف,إضافة ميزات متقدمة (AI - Virtual Tour)
الجدول الزمني طويل,النتيجة,تطبيق رائد في السوق
