الرقم,الميزة,الحالة,التفاصيل
1,إدارة العقارات,✅ مكتملة,إضافة - تعديل - حذف - أرشفة العقارات
2,نظام الخرائط,✅ مكتملة,عرض العقارات على الخريطة + رسم المسارات
3,نظام المحادثات,✅ مكتملة,رسائل فورية بين المستخدمين (Websocket)
4,نظام التقييمات,✅ مكتملة,تقييم المستخدمين والعقارات
5,المفضلة,✅ مكتملة,حفظ وإدارة العقارات المفضلة
6,لوحة الإدارة,✅ مكتملة,إدارة المستخدمين والإعدادات والإحصائيات
7,بوتات التسويق,✅ مكتملة,WhatsApp و Telegram للتسويق التلقائي
8,نظام المصادقة,✅ مكتملة,تسجيل دخول Google والبريد الإلكتروني
9,الإشعارات الفورية,✅ مكتملة,FCM و Websocket للتحديثات الفورية
