الأولوية,النوع,المشكلة,الوصف,التأثير,الحل المقترح
🔴 حرج جداً,الأمان,مفتاح API مكشوف في الكود,baseUrl = 'http://72.60.80.201:3001/api' مرئي في الكود,تعريض البيانات للمهاجمين,نقل إلى متغيرات البيئة أو مملكة آمنة
🔴 حرج جداً,الأمان,استخدام HTTP بدلاً من HTTPS,البيانات تُرسل بدون تشفير,اعتراض البيانات في الشبكة,تفعيل SSL/TLS على السيرفر الفوري
🔴 حرج جداً,الأمان,مفتاح Google Maps قد يكون مكشوفاً,API Key في dart_defines.json,سرقة المفتاح,تقييد المفتاح بحزمة التطبيق فقط
🔴 حرج جداً,الأداء,عدم استخدام Caching,كل طلب يذهب للسيرفر حتى للبيانات الثابتة,بطء التطبيق وإهدار bandwidth,تطبيق Redis Caching + Local Caching
🔴 حرج جداً,الأداء,بطء جلب البيانات في Admin Dashboard,تحميل آلاف السجلات دفعة واحدة,تجميد التطبيق وتأخير الاستجابة,تطبيق Pagination و Lazy Loading
🟡 مهم,جودة الكود,عدم استخدام Constants,قيم مكررة في الكود,صعوبة الصيانة والتحديث,إنشاء ملف config.dart مركزي
🟡 مهم,جودة الكود,دوال طويلة جداً,بعض الدوال يزيد على 100 سطر,صعوبة الفهم والاختبار,تقسيم الدوال إلى وحدات أصغر
🟡 مهم,معالجة الأخطاء,معالجة أخطاء ناقصة,بعض الحالات الاستثنائية لم تُعالج,قد تحدث crashes غير متوقعة,إضافة try-catch شامل ورسائل خطأ
🟡 مهم,الاختبار,عدم وجود Unit Tests,لا توجد اختبارات تلقائية,صعوبة التقاط الأخطاء مبكراً,إضافة Unit و Integration Tests
🟢 متوسط,الميزات,عدم وجود Offline Mode,التطبيق لا يعمل بدون انترنت,تجربة مستخدم سيئة,تطبيق SQLite + Sync
🟢 متوسط,الميزات,عدم وجود Search متقدمة,البحث الحالي بسيط جداً,صعوبة إيجاد العقارات المناسبة,تطبيق Elasticsearch أو Search API
🟢 متوسط,الصور,صور كبيرة بدون ضغط,استهلاك كبير للبيانات والتخزين,بطء في تحميل الصور,Image Compression + CDN
